实验名称,特征数量,MSE,RMSE,MAE,MAPE,Accuracy,Precision,Recall,F1-score
Full Features,14,28.939047,5.379503,4.683648,6.14831,0.484848,0.5,0.1,0.166667
No Technical Indicators,9,28.840802,5.370363,4.603675,6.008984,0.478788,0.477273,0.123529,0.196262
No Market Index,12,6.209283,2.491843,2.004203,2.660704,0.509091,0.530303,0.411765,0.463576
No Return Features,11,61.590542,7.847964,7.042336,9.231612,0.487879,0.571429,0.023529,0.045198
Only Price Features,5,17.297274,4.158999,3.614401,4.731186,0.490909,0.571429,0.047059,0.086957
