实验名称,特征数量,MSE,RMSE,MAE,MAPE,Accuracy,Precision,Recall,F1-score
Full Features,14,31.889787,5.647104,4.933999,6.467111,0.490909,0.529412,0.105882,0.176471
No Technical Indicators,9,31.54538,5.616527,4.812334,6.285187,0.484848,0.5,0.117647,0.190476
No Market Index,12,7.15349,2.674601,2.175792,2.889304,0.509091,0.538462,0.329412,0.408759
No Return Features,11,31.323009,5.596696,4.889098,6.412411,0.490909,0.53125,0.1,0.168317
Only Price Features,5,16.854737,4.105452,3.55618,4.655439,0.49697,0.625,0.058824,0.107527
