模型,MSE,RMSE,MAE,MAPE,Accuracy,Precision,Recall,F1-score,总收益率,最大回撤,夏普比率,交易轮数
Naive Baseline,0.013523,0.116287,0.083163,0.718207,0.527108,0.0,0.0,0.0,0.0,0.0,0.0,0
Linear Regression,0.050895,0.225599,0.177546,1.546015,0.490964,0.444444,0.305732,0.362264,-0.066442,-0.086994,-1.116781,34
Random Forest,0.018896,0.137463,0.102831,0.88882,0.521084,0.495,0.630573,0.554622,-0.00684,-0.030324,-0.18109,8
Vanilla LSTM,0.4645,0.681543,0.624903,5.448818,0.527108,0.0,0.0,0.0,0.0,0.0,0.0,0
Attention-LSTM,2.038061,1.427607,1.282982,11.220107,0.527108,0.0,0.0,0.0,0.0,0.0,0.0,0
